{
    "name": "DatePicker",
    "description": "",
    "author": "",
    "library": "QlikNavigationWidgets",
    "meta": {
        "type": "navigation"
    },
    "properties": {
        "sections": [
            {
                "type": "header",
                "order": 0,
                "parent": "qw-pe-dropzone0-0",
                "ref": "header1",
                "label": "Settings"
            }
        ],
        "settings": [
            {
                "type": "string",
                "expression": "optional",
                "defaultValue": "",
                "order": 0,
                "parent": "header1",
                "ref": "selVarName",
                "label": "Variable Name"
            },
            {
                "type": "string",
                "expression": "optional",
                "defaultValue": "",
                "order": 1,
                "parent": "header1",
                "ref": "varLabel",
                "label": "Variable Label"
            }
        ]
    },
    "dependencies": {}
}